Symbol,Sector,Industry
A,Healthcare,Diagnostics & Research
AAL,Industrials,Airlines
AAN,Industrials,Rental & Leasing Services
AAON,Industrials,Building Products & Equipment
AAP,Consumer Cyclical,Specialty Retail
AAPL,Technology,Consumer Electronics
AB,Financial Services,Asset Management
ABC,Healthcare,Medical Distribution
ABCB,Financial Services,Banks—Regional
ABG,Consumer Cyclical,Auto & Truck Dealerships
ABM,Industrials,Specialty Business Services
ABR,Real Estate,REIT—Mortgage
ABST,Technology,Software—Application
ABT,Healthcare,Medical Devices
ACAD,Healthcare,Biotechnology
ACCO,Industrials,Business Equipment & Supplies
ACGL,Financial Services,Insurance—Diversified
ACIW,Technology,Software—Infrastructure
ACLS,Technology,Semiconductor Equipment & Materials
ACM,Industrials,Engineering & Construction
ACN,Technology,Information Technology Services
ACNB,Financial Services,Banks—Regional
ACNT,Basic Materials,Steel
ACOR,Healthcare,Drug Manufacturers—Specialty & Generic
ACR,Real Estate,REIT—Mortgage
ACTG,Industrials,Specialty Business Services
ACU,Consumer Defensive,Household & Personal Products
ADBE,Technology,Software—Infrastructure
ADC,Real Estate,REIT—Retail
ADEA,Technology,Software—Application
ADI,Technology,Semiconductors
ADM,Consumer Defensive,Farm Products
ADP,Industrials,Staffing & Employment Services
ADSK,Technology,Software—Application
ADTN,Technology,Communication Equipment
ADUS,Healthcare,Medical Care Facilities
ADX,Financial Services,Asset Management
AE,Energy,Oil & Gas Refining & Marketing
AEE,Utilities,Utilities—Regulated Electric
AEF,Financial Services,Asset Management
AEG,Financial Services,Insurance—Diversified
AEHR,Technology,Semiconductor Equipment & Materials
AEIS,Industrials,Electrical Equipment & Parts
AEL,Financial Services,Insurance—Life
AEM,Basic Materials,Gold
AEO,Consumer Cyclical,Apparel Retail
AEP,Utilities,Utilities—Regulated Electric
AER,Industrials,Rental & Leasing Services
AES,Utilities,Utilities—Diversified
AFG,Financial Services,Insurance—Property & Casualty
AFL,Financial Services,Insurance—Life
AG,Basic Materials,Silver
AGCO,Industrials,Farm & Heavy Construction Machinery
AGI,Basic Materials,Gold
AGM,Financial Services,Credit Services
AGNC,Real Estate,REIT—Mortgage
AGO,Financial Services,Insurance—Specialty
AGX,Industrials,Engineering & Construction
AGYS,Technology,Software—Application
AIG,Financial Services,Insurance—Diversified
AIN,Consumer Cyclical,Textile Manufacturing
AIR,Industrials,Aerospace & Defense
AIRT,Industrials,Integrated Freight & Logistics
AIT,Industrials,Industrial Distribution
AIZ,Financial Services,Insurance—Specialty
AJG,Financial Services,Insurance Brokers
AJRD,Industrials,Aerospace & Defense
AKAM,Technology,Software—Infrastructure
AKR,Real Estate,REIT—Retail
ALB,Basic Materials,Specialty Chemicals
ALCO,Consumer Defensive,Farm Products
ALE,Utilities,Utilities—Diversified
ALEX,Real Estate,REIT—Diversified
ALG,Industrials,Farm & Heavy Construction Machinery
ALGN,Healthcare,Medical Devices
ALGT,Industrials,Airlines
ALK,Industrials,Airlines
ALKS,Healthcare,Biotechnology
ALL,Financial Services,Insurance—Property & Casualty
ALNY,Healthcare,Biotechnology
ALOT,Technology,Computer Hardware
ALT,Healthcare,Biotechnology
ALV,Consumer Cyclical,Auto Parts
ALX,Real Estate,REIT—Retail
AMAT,Technology,Semiconductor Equipment & Materials
AMD,Technology,Semiconductors
AME,Industrials,Specialty Industrial Machinery
AMED,Healthcare,Medical Care Facilities
AMEH,Healthcare,Medical Care Facilities
AMG,Financial Services,Asset Management
AMGN,Healthcare,Drug Manufacturers—General
AMKR,Technology,Semiconductors
AMN,Healthcare,Medical Care Facilities
AMNB,Financial Services,Banks—Regional
AMOT,Technology,Electronic Components
AMP,Financial Services,Asset Management
AMSC,Industrials,Specialty Industrial Machinery
AMSF,Financial Services,Insurance—Specialty
AMSWA,Technology,Software—Application
AMT,Real Estate,REIT—Specialty
AMWD,Consumer Cyclical,"Furnishings, Fixtures & Appliances"
AMX,Communication Services,Telecom Services
AMZN,Consumer Cyclical,Internet Retail
AN,Consumer Cyclical,Auto & Truck Dealerships
ANDE,Consumer Defensive,Food Distribution
ANF,Consumer Cyclical,Apparel Retail
ANGO,Healthcare,Medical Instruments & Supplies
ANIK,Healthcare,Medical Devices
ANIP,Healthcare,Drug Manufacturers—Specialty & Generic
ANSS,Technology,Software—Application
AON,Financial Services,Insurance Brokers
AORT,Healthcare,Medical Devices
AOS,Industrials,Specialty Industrial Machinery
APA,Energy,Oil & Gas E&P
APD,Basic Materials,Specialty Chemicals
APEI,Consumer Defensive,Education & Training Services
APH,Technology,Electronic Components
APOG,Industrials,Building Products & Equipment
APPS,Technology,Software—Application
APT,Industrials,Building Products & Equipment
AQN,Utilities,Utilities—Renewable
ARCB,Industrials,Trucking
ARCC,Financial Services,Asset Management
ARE,Real Estate,REIT—Office
AREN,Communication Services,Internet Content & Information
ARGO,Financial Services,Insurance—Property & Casualty
ARI,Real Estate,REIT—Mortgage
ARKR,Consumer Cyclical,Restaurants
ARL,Real Estate,Real Estate—Development
ARLP,Energy,Thermal Coal
AROC,Energy,Oil & Gas Equipment & Services
AROW,Financial Services,Banks—Regional
ARR,Real Estate,REIT—Mortgage
ARTNA,Utilities,Utilities—Regulated Water
ARW,Technology,Electronics & Computer Distribution
ARWR,Healthcare,Biotechnology
ASA,Financial Services,Asset Management
ASB,Financial Services,Banks—Regional
ASGN,Technology,Information Technology Services
ASH,Basic Materials,Specialty Chemicals
ASML,Technology,Semiconductor Equipment & Materials
ASPS,Real Estate,Real Estate Services
ASR,Industrials,Airports & Air Services
ASTC,Industrials,Aerospace & Defense
ASTE,Industrials,Farm & Heavy Construction Machinery
ASUR,Technology,Software—Application
ASX,Technology,Semiconductors
ASYS,Technology,Semiconductor Equipment & Materials
ATEC,Healthcare,Medical Devices
ATGE,Consumer Defensive,Education & Training Services
ATI,Industrials,Metal Fabrication
ATLC,Financial Services,Credit Services
ATLO,Financial Services,Banks—Regional
ATNI,Communication Services,Telecom Services
ATO,Utilities,Utilities—Regulated Gas
ATR,Healthcare,Medical Instruments & Supplies
ATRC,Healthcare,Medical Instruments & Supplies
ATRI,Healthcare,Medical Instruments & Supplies
ATRO,Industrials,Aerospace & Defense
ATSG,Industrials,Airlines
ATVI,Communication Services,Electronic Gaming & Multimedia
AU,Basic Materials,Gold
AUB,Financial Services,Banks—Regional
AUBN,Financial Services,Banks—Regional
AUDC,Technology,Communication Equipment
AVA,Utilities,Utilities—Diversified
AVAV,Industrials,Aerospace & Defense
AVB,Real Estate,REIT—Residential
AVD,Basic Materials,Agricultural Inputs
AVDL,Healthcare,Drug Manufacturers—Specialty & Generic
AVGO,Technology,Semiconductors
AVID,Communication Services,Electronic Gaming & Multimedia
AVNT,Basic Materials,Specialty Chemicals
AVNW,Technology,Communication Equipment
AVT,Technology,Electronics & Computer Distribution
AVTA,Financial Services,Asset Management
AVXL,Healthcare,Biotechnology
AVY,Industrials,Business Equipment & Supplies
AWI,Industrials,Building Products & Equipment
AWK,Utilities,Utilities—Regulated Water
AWR,Utilities,Utilities—Regulated Water
AX,Financial Services,Banks—Regional
AXGN,Healthcare,Medical Devices
AXL,Consumer Cyclical,Auto Parts
AXON,Industrials,Aerospace & Defense
AXP,Financial Services,Credit Services
AXR,Real Estate,Real Estate—Development
AXS,Financial Services,Insurance—Property & Casualty
AYI,Industrials,Electrical Equipment & Parts
AZN,Healthcare,Drug Manufacturers—General
AZO,Consumer Cyclical,Specialty Retail
AZPN,Technology,Software—Application
AZTA,Healthcare,Medical Instruments & Supplies
AZZ,Industrials,Metal Fabrication
B,Industrials,Specialty Industrial Machinery
BA,Industrials,Aerospace & Defense
BAC,Financial Services,Banks—Diversified
BAK,Basic Materials,Chemicals
BALL,Consumer Cyclical,Packaging & Containers
BANC,Financial Services,Banks—Regional
BANF,Financial Services,Banks—Regional
BANR,Financial Services,Banks—Regional
BAP,Financial Services,Banks—Regional
BAX,Healthcare,Medical Instruments & Supplies
BB,Technology,Software—Infrastructure
BBDC,Financial Services,Credit Services
BBSI,Industrials,Staffing & Employment Services
BBVA,Financial Services,Banks—Diversified
BBW,Consumer Cyclical,Specialty Retail
BBWI,Consumer Cyclical,Specialty Retail
BBY,Consumer Cyclical,Specialty Retail
BC,Consumer Cyclical,Recreational Vehicles
BCBP,Financial Services,Banks—Regional
BCE,Communication Services,Telecom Services
BCH,Financial Services,Banks—Regional
BCO,Industrials,Security & Protection Services
BCPC,Basic Materials,Specialty Chemicals
BCRX,Healthcare,Biotechnology
BCS,Financial Services,Banks—Diversified
BCV,Financial Services,Asset Management
BDC,Technology,Communication Equipment
BDL,Consumer Cyclical,Restaurants
BDN,Real Estate,REIT—Office
BDX,Healthcare,Medical Instruments & Supplies
BECN,Industrials,Building Products & Equipment
BELFA,Technology,Electronic Components
BELFB,Technology,Electronic Components
BEN,Financial Services,Asset Management
BEP,Utilities,Utilities—Renewable
BFC,Financial Services,Banks—Regional
BFH,Financial Services,Credit Services
BFIN,Financial Services,Banks—Regional
BFS,Real Estate,REIT—Retail
BG,Consumer Defensive,Farm Products
BGFV,Consumer Cyclical,Specialty Retail
BGI,Consumer Cyclical,Luxury Goods
BGS,Consumer Defensive,Packaged Foods
BH,Consumer Cyclical,Restaurants
BHB,Financial Services,Banks—Regional
BHC,Healthcare,Drug Manufacturers—Specialty & Generic
BHE,Technology,Electronic Components
BHLB,Financial Services,Banks—Regional
BIDU,Communication Services,Internet Content & Information
BIG,Consumer Defensive,Discount Stores
BIIB,Healthcare,Drug Manufacturers—General
BIO,Healthcare,Medical Devices
BIP,Utilities,Utilities—Diversified
BJRI,Consumer Cyclical,Restaurants
BK,Financial Services,Asset Management
BKCC,Financial Services,Asset Management
BKE,Consumer Cyclical,Apparel Retail
BKH,Utilities,Utilities—Diversified
BKNG,Consumer Cyclical,Travel Services
BKSC,Financial Services,Banks—Regional
BKT,Financial Services,Asset Management
BKTI,Technology,Communication Equipment
BLDP,Industrials,Specialty Industrial Machinery
BLDR,Industrials,Building Products & Equipment
BLFS,Healthcare,Medical Instruments & Supplies
BLK,Financial Services,Asset Management
BLKB,Technology,Software—Application
BLNK,Industrials,Engineering & Construction
BLX,Financial Services,Banks—Regional
BMA,Financial Services,Banks—Regional
BMI,Technology,Scientific & Technical Instruments
BMO,Financial Services,Banks—Diversified
BMRC,Financial Services,Banks—Regional
BMRN,Healthcare,Biotechnology
BMY,Healthcare,Drug Manufacturers—General
BN,Financial Services,Asset Management
BNS,Financial Services,Banks—Diversified
BOH,Financial Services,Banks—Regional
BOKF,Financial Services,Banks—Regional
BOOM,Energy,Oil & Gas Equipment & Services
BOTJ,Financial Services,Banks—Regional
BP,Energy,Oil & Gas Integrated
BPOP,Financial Services,Banks—Regional
BPT,Energy,Oil & Gas Refining & Marketing
BR,Technology,Information Technology Services
BRC,Industrials,Security & Protection Services
BRID,Consumer Defensive,Packaged Foods
BRKL,Financial Services,Banks—Regional
BRKR,Healthcare,Medical Devices
BRO,Financial Services,Insurance Brokers
BRT,Real Estate,REIT—Residential
BSAC,Financial Services,Banks—Regional
BSBR,Financial Services,Banks—Regional
BSET,Consumer Cyclical,"Furnishings, Fixtures & Appliances"
BSRR,Financial Services,Banks—Regional
BSX,Healthcare,Medical Devices
BTA,Financial Services,Asset Management
BUD,Consumer Defensive,Beverages—Brewers
BUSE,Financial Services,Banks—Regional
BVH,Consumer Cyclical,Resorts & Casinos
BVN,Basic Materials,Other Precious Metals & Mining
BWA,Consumer Cyclical,Auto Parts
BX,Financial Services,Asset Management
BXC,Industrials,Building Products & Equipment
BXMT,Real Estate,REIT—Mortgage
BXP,Real Estate,REIT—Office
BYD,Consumer Cyclical,Resorts & Casinos
BYRN,Industrials,Aerospace & Defense
BZH,Consumer Cyclical,Residential Construction
C,Financial Services,Banks—Diversified
CAC,Financial Services,Banks—Regional
CACC,Financial Services,Credit Services
CACI,Technology,Information Technology Services
CADE,Financial Services,Banks—Regional
CAE,Industrials,Aerospace & Defense
CAG,Consumer Defensive,Packaged Foods
CAH,Healthcare,Medical Distribution
CAKE,Consumer Cyclical,Restaurants
CAL,Consumer Cyclical,Footwear & Accessories
CALM,Consumer Defensive,Farm Products
CAMT,Technology,Semiconductor Equipment & Materials
CAPR,Healthcare,Biotechnology
CAR,Industrials,Rental & Leasing Services
CASH,Financial Services,Banks—Regional
CASS,Industrials,Specialty Business Services
CASY,Consumer Cyclical,Specialty Retail
CAT,Industrials,Farm & Heavy Construction Machinery
CATO,Consumer Cyclical,Apparel Retail
CATY,Financial Services,Banks—Regional
CB,Financial Services,Insurance—Property & Casualty
CBAN,Financial Services,Banks—Regional
CBRE,Real Estate,Real Estate Services
CBRL,Consumer Cyclical,Restaurants
CBSH,Financial Services,Banks—Regional
CBT,Basic Materials,Specialty Chemicals
CBU,Financial Services,Banks—Regional
CBZ,Industrials,Specialty Business Services
CCBG,Financial Services,Banks—Regional
CCEP,Consumer Defensive,Beverages—Non-Alcoholic
CCF,Basic Materials,Specialty Chemicals
CCI,Real Estate,REIT—Specialty
CCJ,Energy,Uranium
CCK,Consumer Cyclical,Packaging & Containers
CCL,Consumer Cyclical,Travel Services
CCNE,Financial Services,Banks—Regional
CCOI,Communication Services,Telecom Services
CCRD,Technology,Software—Application
CCRN,Healthcare,Medical Care Facilities
CCU,Consumer Defensive,Beverages—Brewers
CDMO,Healthcare,Biotechnology
CDNS,Technology,Software—Application
CE,Basic Materials,Chemicals
CECO,Industrials,Pollution & Treatment Controls
CENT,Consumer Defensive,Packaged Foods
CENTA,Consumer Defensive,Packaged Foods
CENX,Basic Materials,Aluminum
CEQP,Energy,Oil & Gas Midstream
CET,Financial Services,Asset Management
CETX,Technology,Software—Infrastructure
CEVA,Technology,Semiconductors
CF,Basic Materials,Agricultural Inputs
CFBK,Financial Services,Banks—Regional
CFFI,Financial Services,Banks—Regional
CFFN,Financial Services,Banks—Regional
CFR,Financial Services,Banks—Regional
CGAU,Basic Materials,Gold
CGNX,Technology,Scientific & Technical Instruments
CHCI,Real Estate,Real Estate—Diversified
CHCO,Financial Services,Banks—Regional
CHD,Consumer Defensive,Household & Personal Products
CHDN,Consumer Cyclical,Gambling
CHE,Healthcare,Medical Care Facilities
CHH,Consumer Cyclical,Lodging
CHKP,Technology,Software—Infrastructure
CHMG,Financial Services,Banks—Regional
CHN,Financial Services,Asset Management
CHRW,Industrials,Integrated Freight & Logistics
CHS,Consumer Cyclical,Apparel Retail
CHSCP,Consumer Defensive,Farm Products
CHT,Communication Services,Telecom Services
CHY,Financial Services,Asset Management
CI,Healthcare,Healthcare Plans
CIB,Financial Services,Banks—Regional
CIEN,Technology,Communication Equipment
CIGI,Real Estate,Real Estate Services
CIM,Real Estate,REIT—Mortgage
CINF,Financial Services,Insurance—Property & Casualty
CIR,Industrials,Specialty Industrial Machinery
CIVB,Financial Services,Banks—Regional
CIX,Industrials,Security & Protection Services
CIZN,Financial Services,Banks—Regional
CL,Consumer Defensive,Household & Personal Products
CLAR,Consumer Cyclical,Leisure
CLB,Energy,Oil & Gas Equipment & Services
CLDX,Healthcare,Biotechnology
CLF,Basic Materials,Steel
CLFD,Technology,Communication Equipment
CLH,Industrials,Waste Management
CLMB,Technology,Electronics & Computer Distribution
CLMT,Energy,Oil & Gas E&P
CLNE,Energy,Oil & Gas Refining & Marketing
CLS,Technology,Electronic Components
CLW,Basic Materials,Paper & Paper Products
CLX,Consumer Defensive,Household & Personal Products
CM,Financial Services,Banks—Diversified
CMA,Financial Services,Banks—Regional
CMC,Basic Materials,Steel
CMCL,Basic Materials,Gold
CMCO,Industrials,Farm & Heavy Construction Machinery
CMCSA,Communication Services,Telecom Services
CMCT,Real Estate,REIT—Office
CME,Financial Services,Financial Data & Stock Exchanges
CMG,Consumer Cyclical,Restaurants
CMI,Industrials,Specialty Industrial Machinery
CMP,Basic Materials,Other Industrial Metals & Mining
CMPR,Communication Services,Advertising Agencies
CMS,Utilities,Utilities—Regulated Electric
CMT,Basic Materials,Specialty Chemicals
CMTL,Technology,Communication Equipment
CNA,Financial Services,Insurance—Property & Casualty
CNC,Healthcare,Healthcare Plans
CNI,Industrials,Railroads
CNK,Communication Services,Entertainment
CNMD,Healthcare,Medical Devices
CNO,Financial Services,Insurance—Life
CNOB,Financial Services,Banks—Regional
CNP,Utilities,Utilities—Regulated Electric
CNQ,Energy,Oil & Gas E&P
CNS,Financial Services,Asset Management
CNTY,Consumer Cyclical,Resorts & Casinos
CNX,Energy,Oil & Gas E&P
CNXN,Technology,Electronics & Computer Distribution
CODA,Industrials,Aerospace & Defense
CODI,Industrials,Conglomerates
COF,Financial Services,Credit Services
COFS,Financial Services,Banks—Regional
COHN,Financial Services,Capital Markets
COHR,Technology,Scientific & Technical Instruments
COHU,Technology,Semiconductor Equipment & Materials
COKE,Consumer Defensive,Beverages—Non-Alcoholic
COLB,Financial Services,Banks—Regional
COLM,Consumer Cyclical,Apparel Manufacturing
CONN,Consumer Cyclical,Specialty Retail
COO,Healthcare,Medical Instruments & Supplies
COP,Energy,Oil & Gas E&P
CORT,Healthcare,Biotechnology
COST,Consumer Defensive,Discount Stores
CP,Industrials,Railroads
CPA,Industrials,Airlines
CPB,Consumer Defensive,Packaged Foods
CPE,Energy,Oil & Gas E&P
CPF,Financial Services,Banks—Regional
CPG,Energy,Oil & Gas E&P
CPHC,Consumer Cyclical,Gambling
CPK,Utilities,Utilities—Regulated Gas
CPLP,Industrials,Marine Shipping
CPRT,Consumer Cyclical,Auto & Truck Dealerships
CPRX,Healthcare,Biotechnology
CPSI,Healthcare,Health Information Services
CPSS,Financial Services,Credit Services
CPT,Real Estate,REIT—Residential
CQP,Energy,Oil & Gas Midstream
CR,Industrials,Specialty Industrial Machinery
CRAI,Industrials,Consulting Services
CRESY,Industrials,Conglomerates
CRH,Basic Materials,Building Materials
CRI,Consumer Cyclical,Apparel Retail
CRK,Energy,Oil & Gas E&P
CRL,Healthcare,Diagnostics & Research
CRM,Technology,Software—Application
CRMT,Consumer Cyclical,Auto & Truck Dealerships
CROX,Consumer Cyclical,Footwear & Accessories
CRS,Industrials,Metal Fabrication
CRT,Energy,Oil & Gas E&P
CRUS,Technology,Semiconductors
CRVL,Financial Services,Insurance Brokers
CRWS,Consumer Cyclical,"Furnishings, Fixtures & Appliances"
CSBR,Healthcare,Biotechnology
CSCO,Technology,Communication Equipment
CSGP,Real Estate,Real Estate Services
CSGS,Technology,Software—Infrastructure
CSIQ,Technology,Solar
CSL,Industrials,Building Products & Equipment
CSPI,Technology,Information Technology Services
CSR,Real Estate,REIT—Residential
CSV,Consumer Cyclical,Personal Services
CSWC,Financial Services,Asset Management
CSX,Industrials,Railroads
CTAS,Industrials,Specialty Business Services
CTBI,Financial Services,Banks—Regional
CTG,Technology,Information Technology Services
CTO,Real Estate,REIT—Diversified
CTRA,Energy,Oil & Gas E&P
CTRN,Consumer Cyclical,Apparel Retail
CTS,Technology,Electronic Components
CTSH,Technology,Information Technology Services
CUBE,Real Estate,REIT—Industrial
CUK,Consumer Cyclical,Leisure
CULP,Consumer Cyclical,Textile Manufacturing
CUTR,Healthcare,Medical Devices
CUZ,Real Estate,REIT—Office
CVBF,Financial Services,Banks—Regional
CVCO,Consumer Cyclical,Residential Construction
CVCY,Financial Services,Banks—Regional
CVE,Energy,Oil & Gas Integrated
CVGI,Consumer Cyclical,Auto Parts
CVGW,Consumer Defensive,Food Distribution
CVI,Energy,Oil & Gas Refining & Marketing
CVLG,Industrials,Trucking
CVLT,Technology,Software—Application
CVLY,Financial Services,Banks—Regional
CVR,Industrials,Tools & Accessories
CVS,Healthcare,Healthcare Plans
CVV,Industrials,Specialty Industrial Machinery
CVX,Energy,Oil & Gas Integrated
CW,Industrials,Aerospace & Defense
CWBC,Financial Services,Banks—Regional
CWCO,Utilities,Utilities—Regulated Water
CWST,Industrials,Waste Management
CWT,Utilities,Utilities—Regulated Water
CX,Basic Materials,Building Materials
CXW,Real Estate,REIT—Specialty
CYCCP,Healthcare,Biotechnology
CYD,Industrials,Specialty Industrial Machinery
CYRX,Industrials,Integrated Freight & Logistics
CYTK,Healthcare,Biotechnology
CZFS,Financial Services,Banks—Regional
CZNC,Financial Services,Banks—Regional
CZWI,Financial Services,Banks—Regional
D,Utilities,Utilities—Regulated Electric
DAC,Industrials,Marine Shipping
DAL,Industrials,Airlines
DALN,Communication Services,Publishing
DAN,Consumer Cyclical,Auto Parts
DAR,Consumer Defensive,Packaged Foods
DB,Financial Services,Banks—Regional
DBI,Consumer Cyclical,Apparel Retail
DBRG,Real Estate,REIT—Diversified
DCI,Industrials,Specialty Industrial Machinery
DCO,Industrials,Aerospace & Defense
DCOM,Financial Services,Banks—Regional
DD,Basic Materials,Specialty Chemicals
DDD,Technology,Computer Hardware
DDS,Consumer Cyclical,Department Stores
DDT,Consumer Cyclical,Retail Apparel & Specialty
DE,Industrials,Farm & Heavy Construction Machinery
DECK,Consumer Cyclical,Footwear & Accessories
DEI,Real Estate,REIT—Office
DENN,Consumer Cyclical,Restaurants
DEO,Consumer Defensive,Beverages—Wineries & Distilleries
DFS,Financial Services,Credit Services
DG,Consumer Defensive,Discount Stores
DGICA,Financial Services,Insurance—Property & Casualty
DGII,Technology,Communication Equipment
DGLY,Industrials,Security & Protection Services
DGX,Healthcare,Diagnostics & Research
DHI,Consumer Cyclical,Residential Construction
DHIL,Financial Services,Asset Management
DHR,Healthcare,Diagnostics & Research
DHT,Energy,Oil & Gas Midstream
DIN,Consumer Cyclical,Restaurants
DINO,Energy,Oil & Gas Refining & Marketing
DIOD,Technology,Semiconductors
DIS,Communication Services,Entertainment
DISH,Communication Services,Telecom Services
DIT,Consumer Defensive,Food Distribution
DJCO,Technology,Software—Application
DK,Energy,Oil & Gas Refining & Marketing
DKS,Consumer Cyclical,Specialty Retail
DLA,Consumer Cyclical,Apparel Manufacturing
DLB,Technology,Information Technology Services
DLHC,Industrials,Specialty Business Services
DLR,Real Estate,REIT—Office
DLTR,Consumer Defensive,Discount Stores
DLX,Communication Services,Advertising Agencies
DMF,Financial Services,Asset Management
DMLP,Energy,Oil & Gas E&P
DMRC,Technology,Information Technology Services
DNP,Financial Services,Asset Management
DOOR,Industrials,Building Products & Equipment
DORM,Consumer Cyclical,Auto Parts
DOV,Industrials,Specialty Industrial Machinery
DOX,Technology,Software—Infrastructure
DPZ,Consumer Cyclical,Restaurants
DRD,Basic Materials,Gold
DRH,Real Estate,REIT—Hotel & Motel
DRI,Consumer Cyclical,Restaurants
DRQ,Energy,Oil & Gas Equipment & Services
DRRX,Healthcare,Drug Manufacturers—Specialty & Generic
DSGR,Industrials,Industrial Distribution
DSGX,Technology,Software—Application
DSM,Financial Services,Asset Management
DSX,Industrials,Marine Shipping
DTE,Utilities,Utilities—Regulated Electric
DUK,Utilities,Utilities—Regulated Electric
DVA,Healthcare,Medical Care Facilities
DVAX,Healthcare,Drug Manufacturers—Specialty & Generic
DVN,Energy,Oil & Gas E&P
DX,Real Estate,REIT—Mortgage
DXC,Technology,Information Technology Services
DXCM,Healthcare,Medical Devices
DXLG,Consumer Cyclical,Apparel Retail
DXPE,Industrials,Industrial Distribution
DXR,Healthcare,Medical Instruments & Supplies
DY,Industrials,Engineering & Construction
DZSI,Technology,Communication Equipment
E,Energy,Oil & Gas Integrated
EA,Communication Services,Electronic Gaming & Multimedia
EAT,Consumer Cyclical,Restaurants
EBAY,Consumer Cyclical,Internet Retail
EBF,Industrials,Business Equipment & Supplies
EBIX,Technology,Software—Application
EBMT,Financial Services,Banks—Regional
EBR,Utilities,Utilities—Regulated Electric
EBS,Healthcare,Drug Manufacturers—Specialty & Generic
EBTC,Financial Services,Banks—Regional
EC,Energy,Oil & Gas Integrated
ECF,Financial Services,Asset Management
ECL,Basic Materials,Specialty Chemicals
ECPG,Financial Services,Mortgage Finance
ED,Utilities,Utilities—Regulated Electric
EDAP,Healthcare,Medical Devices
EDD,Financial Services,Asset Management
EDN,Utilities,Utilities—Regulated Electric
EDU,Consumer Defensive,Education & Training Services
EEFT,Technology,Software—Infrastructure
EFSC,Financial Services,Banks—Regional
EFX,Industrials,Consulting Services
EGAN,Technology,Software—Application
EGBN,Financial Services,Banks—Regional
EGLE,Industrials,Marine Shipping
EGO,Basic Materials,Gold
EGP,Real Estate,REIT—Industrial
EGY,Energy,Oil & Gas E&P
EHC,Healthcare,Medical Care Facilities
EIG,Financial Services,Insurance—Specialty
EIX,Utilities,Utilities—Regulated Electric
EL,Consumer Defensive,Household & Personal Products
ELA,Consumer Cyclical,Luxury Goods
ELLO,Utilities,Utilities—Renewable
ELME,Real Estate,REIT—Office
ELP,Utilities,Utilities—Diversified
ELS,Real Estate,REIT—Residential
ELSE,Technology,Scientific & Technical Instruments
ELTK,Technology,Electronic Components
ELV,Healthcare,Healthcare Plans
EME,Industrials,Engineering & Construction
EMF,Financial Services,Asset Management
EML,Industrials,Tools & Accessories
EMN,Basic Materials,Specialty Chemicals
EMR,Industrials,Specialty Industrial Machinery
ENB,Energy,Oil & Gas Midstream
ENLC,Energy,Oil & Gas Midstream
ENOV,Industrials,Specialty Industrial Machinery
ENS,Industrials,Electrical Equipment & Parts
ENSG,Healthcare,Medical Care Facilities
ENTG,Technology,Semiconductor Equipment & Materials
EOG,Energy,Oil & Gas E&P
EOI,Financial Services,Asset Management
EOS,Financial Services,Asset Management
EP,Energy,Oil & Gas E&P
EPAC,Industrials,Specialty Industrial Machinery
EPC,Consumer Defensive,Household & Personal Products
EPD,Energy,Oil & Gas Midstream
EPM,Energy,Oil & Gas E&P
EPR,Real Estate,REIT—Specialty
EPSN,Energy,Oil & Gas E&P
EQC,Real Estate,REIT—Office
EQIX,Real Estate,REIT—Specialty
EQNR,Energy,Oil & Gas Integrated
EQR,Real Estate,REIT—Residential
EQT,Energy,Oil & Gas E&P
ERF,Energy,Oil & Gas E&P
ERIC,Technology,Communication Equipment
ERIE,Financial Services,Insurance Brokers
ERII,Industrials,Pollution & Treatment Controls
ERJ,Industrials,Aerospace & Defense
ES,Utilities,Utilities—Regulated Electric
ESCA,Consumer Cyclical,Leisure
ESE,Technology,Scientific & Technical Instruments
ESEA,Industrials,Marine Shipping
ESGR,Financial Services,Insurance—Diversified
ESLT,Industrials,Aerospace & Defense
ESP,Industrials,Electrical Equipment & Parts
ESS,Real Estate,REIT—Residential
ESSA,Financial Services,Banks—Regional
ESTE,Energy,Oil & Gas E&P
ET,Energy,Oil & Gas Midstream
ETB,Financial Services,Asset Management
ETD,Consumer Cyclical,"Furnishings, Fixtures & Appliances"
ETJ,Financial Services,Asset Management
ETN,Industrials,Specialty Industrial Machinery
ETR,Utilities,Utilities—Regulated Electric
EVBN,Financial Services,Banks—Regional
EVC,Communication Services,Broadcasting
EVI,Industrials,Industrial Distribution
EVN,Financial Services,Asset Management
EVO,Healthcare,Drug Manufacturers—Specialty & Generic
EVR,Financial Services,Capital Markets
EVRG,Utilities,Utilities—Regulated Electric
EVRI,Consumer Cyclical,Gambling
EVV,Financial Services,Asset Management
EW,Healthcare,Medical Devices
EWBC,Financial Services,Banks—Diversified
EXAS,Healthcare,Diagnostics & Research
EXC,Utilities,Utilities—Regulated Electric
EXEL,Healthcare,Biotechnology
EXLS,Technology,Information Technology Services
EXP,Basic Materials,Building Materials
EXPD,Industrials,Integrated Freight & Logistics
EXPE,Consumer Cyclical,Travel Services
EXPO,Industrials,Consulting Services
EXR,Real Estate,REIT—Industrial
EXTR,Technology,Communication Equipment
EZPW,Financial Services,Credit Services
F,Consumer Cyclical,Auto Manufacturers
FANH,Financial Services,Insurance Brokers
FARO,Technology,Scientific & Technical Instruments
FAST,Industrials,Industrial Distribution
FBIZ,Financial Services,Banks—Regional
FBMS,Financial Services,Banks—Regional
FBNC,Financial Services,Banks—Regional
FBP,Financial Services,Banks—Regional
FC,Industrials,Consulting Services
FCAP,Financial Services,Banks—Regional
FCBC,Financial Services,Banks—Regional
FCCO,Financial Services,Banks—Regional
FCF,Financial Services,Banks—Regional
FCFS,Financial Services,Credit Services
FCN,Industrials,Consulting Services
FCNCA,Financial Services,Banks—Regional
FCX,Basic Materials,Copper
FDBC,Financial Services,Banks—Regional
FDP,Consumer Defensive,Farm Products
FDS,Financial Services,Financial Data & Stock Exchanges
FDX,Industrials,Integrated Freight & Logistics
FE,Utilities,Utilities—Regulated Electric
FEIM,Technology,Communication Equipment
FELE,Industrials,Specialty Industrial Machinery
FFBC,Financial Services,Banks—Regional
FFIC,Financial Services,Banks—Regional
FFIN,Financial Services,Banks—Regional
FFIV,Technology,Software—Infrastructure
FFNW,Financial Services,Banks—Regional
FGBI,Financial Services,Banks—Regional
FHI,Financial Services,Asset Management
FHN,Financial Services,Banks—Regional
FICO,Technology,Software—Application
FIS,Technology,Information Technology Services
FISI,Financial Services,Banks—Regional
FITB,Financial Services,Banks—Regional
FIX,Industrials,Engineering & Construction
FIZZ,Consumer Defensive,Beverages—Non-Alcoholic
FL,Consumer Cyclical,Apparel Retail
FLEX,Technology,Electronic Components
FLIC,Financial Services,Banks—Regional
FLL,Consumer Cyclical,Resorts & Casinos
FLO,Consumer Defensive,Packaged Foods
FLR,Industrials,Engineering & Construction
FLS,Industrials,Specialty Industrial Machinery
FLWS,Consumer Cyclical,Specialty Retail
FLXS,Consumer Cyclical,"Furnishings, Fixtures & Appliances"
FMAO,Financial Services,Banks—Regional
FMBH,Financial Services,Banks—Regional
FMC,Basic Materials,Agricultural Inputs
FMNB,Financial Services,Banks—Regional
FMS,Healthcare,Medical Care Facilities
FMX,Consumer Defensive,Beverages—Brewers
FNB,Financial Services,Banks—Regional
FNCB,Financial Services,Banks—Regional
FNF,Financial Services,Insurance—Specialty
FNLC,Financial Services,Banks—Regional
FNV,Basic Materials,Gold
FNWD,Financial Services,Banks—Regional
FOLD,Healthcare,Biotechnology
FONR,Healthcare,Medical Devices
FOR,Real Estate,Real Estate—Development
FORM,Technology,Semiconductors
FORR,Industrials,Consulting Services
FORTY,Technology,Information Technology Services
FR,Real Estate,REIT—Industrial
FRAF,Financial Services,Banks—Regional
FRD,Basic Materials,Steel
FRME,Financial Services,Banks—Regional
FRO,Energy,Oil & Gas Midstream
FRPH,Real Estate,Real Estate Services
FRST,Financial Services,Banks—Regional
FRT,Real Estate,REIT—Retail
FSFG,Financial Services,Banks—Regional
FSLR,Technology,Solar
FSS,Industrials,Pollution & Treatment Controls
FSTR,Industrials,Railroads
FT,Financial Services,Asset Management
FTI,Energy,Oil & Gas Equipment & Services
FTNT,Technology,Software—Infrastructure
FUL,Basic Materials,Specialty Chemicals
FULT,Financial Services,Banks—Regional
FUN,Consumer Cyclical,Leisure
FUNC,Financial Services,Banks—Regional
FUSB,Financial Services,Banks—Regional
FWRD,Industrials,Integrated Freight & Logistics
FXNC,Financial Services,Banks—Regional
G,Technology,Information Technology Services
GABC,Financial Services,Banks—Regional
GAIN,Financial Services,Asset Management
GATX,Industrials,Rental & Leasing Services
GBCI,Financial Services,Banks—Regional
GBLI,Financial Services,Insurance—Property & Casualty
GBX,Industrials,Railroads
GCBC,Financial Services,Banks—Regional
GCO,Consumer Cyclical,Apparel Retail
GD,Industrials,Aerospace & Defense
GDEN,Consumer Cyclical,Resorts & Casinos
GE,Industrials,Specialty Industrial Machinery
GEF,Consumer Cyclical,Packaging & Containers
GEL,Energy,Oil & Gas Midstream
GEN,Technology,Software—Infrastructure
GENC,Industrials,Farm & Heavy Construction Machinery
GEO,Industrials,Security & Protection Services
GEOS,Energy,Oil & Gas Equipment & Services
GES,Consumer Cyclical,Apparel Retail
GFF,Industrials,Conglomerates
GFI,Basic Materials,Gold
GGAL,Financial Services,Banks—Regional
GGB,Basic Materials,Steel
GGG,Industrials,Specialty Industrial Machinery
GHC,Consumer Defensive,Education & Training Services
GHI,,
GHL,Financial Services,Capital Markets
GHM,Industrials,Specialty Industrial Machinery
GIB,Technology,Information Technology Services
GIC,Industrials,Industrial Distribution
GIII,Consumer Cyclical,Apparel Manufacturing
GIL,Consumer Cyclical,Apparel Manufacturing
GILD,Healthcare,Drug Manufacturers—General
GILT,Technology,Communication Equipment
GIM,Financial Services,Asset Management
GIS,Consumer Defensive,Packaged Foods
GL,Financial Services,Insurance—Life
GLAD,Financial Services,Asset Management
GLBZ,Financial Services,Banks—Regional
GLDD,Industrials,Engineering & Construction
GLNG,Energy,Oil & Gas Midstream
GLP,Energy,Oil & Gas Midstream
GLRE,Financial Services,Insurance—Reinsurance
GLW,Technology,Electronic Components
GMAB,Healthcare,Biotechnology
GME,Consumer Cyclical,Specialty Retail
GNTX,Consumer Cyclical,Auto Parts
GNW,Financial Services,Insurance—Life
GOF,Financial Services,Asset Management
GOGL,Industrials,Marine Shipping
GOLD,Basic Materials,Gold
GOOD,Real Estate,REIT—Diversified
GOOG,Communication Services,Internet Content & Information
GOOGL,Communication Services,Internet Content & Information
GPC,Consumer Cyclical,Specialty Retail
GPI,Consumer Cyclical,Auto & Truck Dealerships
GPK,Consumer Cyclical,Packaging & Containers
GPN,Industrials,Specialty Business Services
GPRE,Basic Materials,Specialty Chemicals
GPS,Consumer Cyclical,Apparel Retail
GRBK,Consumer Cyclical,Residential Construction
GRC,Industrials,Specialty Industrial Machinery
GRMN,Technology,Scientific & Technical Instruments
GRVY,Communication Services,Electronic Gaming & Multimedia
GS,Financial Services,Capital Markets
GSBC,Financial Services,Banks—Regional
GSK,Healthcare,Drug Manufacturers—General
GSL,Industrials,Marine Shipping
GT,Consumer Cyclical,Auto Parts
GTE,Energy,Oil & Gas E&P
GTLS,Industrials,Specialty Industrial Machinery
GTN,Communication Services,Broadcasting
GTY,Real Estate,REIT—Retail
GVA,Industrials,Engineering & Construction
GWW,Industrials,Industrial Distribution
H,Consumer Cyclical,Lodging
HA,Industrials,Airlines
HAE,Healthcare,Medical Instruments & Supplies
HAFC,Financial Services,Banks—Regional
HAIN,Consumer Defensive,Packaged Foods
HAL,Energy,Oil & Gas Equipment & Services
HALO,Healthcare,Biotechnology
HAS,Consumer Cyclical,Leisure
HAYN,Industrials,Metal Fabrication
HBAN,Financial Services,Banks—Regional
HBCP,Financial Services,Banks—Regional
HBI,Consumer Cyclical,Apparel Manufacturing
HBM,Basic Materials,Copper
HBNC,Financial Services,Banks—Regional
HCCI,Industrials,Waste Management
HCI,Financial Services,Insurance—Property & Casualty
HCKT,Technology,Information Technology Services
HCSG,Healthcare,Medical Care Facilities
HD,Consumer Cyclical,Home Improvement Retail
HDSN,Basic Materials,Specialty Chemicals
HE,Utilities,Utilities—Diversified
HEES,Industrials,Rental & Leasing Services
HEI,Industrials,Aerospace & Defense
HELE,Consumer Defensive,Household & Personal Products
HEP,Energy,Oil & Gas Midstream
HES,Energy,Oil & Gas E&P
HFBL,Financial Services,Banks—Regional
HFWA,Financial Services,Banks—Regional
HHS,Communication Services,Advertising Agencies
HI,Industrials,Specialty Industrial Machinery
HIBB,Consumer Cyclical,Apparel Retail
HIFS,Financial Services,Banks—Regional
HIG,Financial Services,Insurance—Diversified
HIMX,Technology,Semiconductors
HIW,Real Estate,REIT—Office
HL,Basic Materials,Gold
HLF,Consumer Defensive,Packaged Foods
HLIO,Industrials,Specialty Industrial Machinery
HLIT,Technology,Communication Equipment
HMC,Consumer Cyclical,Auto Manufacturers
HMN,Financial Services,Insurance—Property & Casualty
HMNF,Financial Services,Banks—Regional
HNI,Industrials,Business Equipment & Supplies
HNNA,Financial Services,Asset Management
HNRG,Energy,Thermal Coal
HOFT,Consumer Cyclical,"Furnishings, Fixtures & Appliances"
HOG,Consumer Cyclical,Recreational Vehicles
HOLI,Industrials,Electrical Equipment & Parts
HOLX,Healthcare,Medical Instruments & Supplies
HOMB,Financial Services,Banks—Regional
HON,Industrials,Conglomerates
HOPE,Financial Services,Banks—Regional
HOV,Consumer Cyclical,Residential Construction
HOVNP,Consumer Cyclical,Homebuilding & Construction
HP,Energy,Oil & Gas Drilling
HPQ,Technology,Computer Hardware
HQH,Financial Services,Asset Management
HQI,Industrials,Staffing & Employment Services
HQL,Financial Services,Asset Management
HR,Real Estate,REIT—Healthcare Facilities
HRB,Consumer Cyclical,Personal Services
HRL,Consumer Defensive,Packaged Foods
HROW,Healthcare,Drug Manufacturers—Specialty & Generic
HSBC,Financial Services,Banks—Diversified
HSIC,Healthcare,Medical Distribution
HSII,Industrials,Staffing & Employment Services
HSON,Industrials,Staffing & Employment Services
HST,Real Estate,REIT—Hotel & Motel
HSTM,Healthcare,Health Information Services
HSY,Consumer Defensive,Confectioners
HT,Real Estate,REIT—Hotel & Motel
HTBK,Financial Services,Banks—Regional
HTGC,Financial Services,Asset Management
HTH,Financial Services,Banks—Regional
HTLD,Industrials,Trucking
HTLF,Financial Services,Banks—Regional
HUBB,Industrials,Electrical Equipment & Parts
HUBG,Industrials,Integrated Freight & Logistics
HUM,Healthcare,Healthcare Plans
HUN,Basic Materials,Chemicals
HURC,Industrials,Specialty Industrial Machinery
HURN,Industrials,Consulting Services
HVT,Consumer Cyclical,Home Improvement Retail
HWBK,Financial Services,Banks—Regional
HWC,Financial Services,Banks—Regional
HWKN,Basic Materials,Specialty Chemicals
HWM,Industrials,Specialty Industrial Machinery
HXL,Industrials,Aerospace & Defense
HZO,Consumer Cyclical,Specialty Retail
IAC,Communication Services,Internet Content & Information
IART,Healthcare,Medical Devices
IBCP,Financial Services,Banks—Regional
IBKR,Financial Services,Capital Markets
IBM,Technology,Information Technology Services
IBN,Financial Services,Banks—Regional
IBOC,Financial Services,Banks—Regional
ICCC,Healthcare,Biotechnology
ICE,Financial Services,Financial Data & Stock Exchanges
ICFI,Industrials,Consulting Services
ICL,Basic Materials,Agricultural Inputs
ICLR,Healthcare,Diagnostics & Research
ICUI,Healthcare,Medical Instruments & Supplies
IDA,Utilities,Utilities—Regulated Electric
IDCC,Communication Services,Telecom Services
IDR,Basic Materials,Gold
IDT,Communication Services,Telecom Services
IDXX,Healthcare,Diagnostics & Research
IEP,Industrials,Conglomerates
IESC,Industrials,Engineering & Construction
IEX,Industrials,Specialty Industrial Machinery
IFF,Basic Materials,Specialty Chemicals
IFN,Financial Services,Asset Management
IGD,Financial Services,Asset Management
IGT,Consumer Cyclical,Gambling
IHG,Consumer Cyclical,Lodging
III,Technology,Information Technology Services
IIIN,Industrials,Metal Fabrication
ILMN,Healthcare,Diagnostics & Research
IMAX,Communication Services,Entertainment
IMGN,Healthcare,Biotechnology
IMKTA,Consumer Defensive,Grocery Stores
IMMR,Technology,Software—Application
IMO,Energy,Oil & Gas Integrated
INBK,Financial Services,Banks—Regional
INCY,Healthcare,Biotechnology
INDB,Financial Services,Banks—Regional
INFN,Technology,Communication Equipment
INFU,Healthcare,Medical Instruments & Supplies
INFY,Technology,Information Technology Services
ING,Financial Services,Banks—Diversified
INGR,Consumer Defensive,Packaged Foods
INSM,Healthcare,Biotechnology
INTC,Technology,Semiconductors
INTT,Technology,Semiconductor Equipment & Materials
INTU,Technology,Software—Application
INVA,Healthcare,Biotechnology
INVE,Technology,Computer Hardware
IONS,Healthcare,Biotechnology
IOSP,Basic Materials,Specialty Chemicals
IP,Consumer Cyclical,Packaging & Containers
IPAR,Consumer Defensive,Household & Personal Products
IPG,Communication Services,Advertising Agencies
IPGP,Technology,Semiconductor Equipment & Materials
IPI,Basic Materials,Agricultural Inputs
IRBT,Consumer Cyclical,"Furnishings, Fixtures & Appliances"
IRDM,Communication Services,Telecom Services
IRM,Real Estate,REIT—Specialty
IRS,Industrials,Conglomerates
ISDR,Technology,Software—Application
ISIG,Communication Services,Advertising Agencies
ISRG,Healthcare,Medical Instruments & Supplies
ISSC,Industrials,Aerospace & Defense
IT,Technology,Information Technology Services
ITGR,Healthcare,Medical Devices
ITIC,Financial Services,Insurance—Specialty
ITRI,Technology,Scientific & Technical Instruments
ITRN,Technology,Communication Equipment
ITT,Industrials,Specialty Industrial Machinery
ITUB,Financial Services,Banks—Regional
ITW,Industrials,Specialty Industrial Machinery
IVAC,Industrials,Aerospace & Defense
IVR,Real Estate,REIT—Mortgage
IVZ,Financial Services,Asset Management
IX,Financial Services,Credit Services
J,Industrials,Engineering & Construction
JACK,Consumer Cyclical,Restaurants
JAKK,Consumer Cyclical,Leisure
JBHT,Industrials,Integrated Freight & Logistics
JBL,Technology,Electronic Components
JBLU,Industrials,Airlines
JBSS,Consumer Defensive,Packaged Foods
JBT,Industrials,Specialty Industrial Machinery
JCI,Industrials,Building Products & Equipment
JCTCF,Basic Materials,Lumber & Wood Production
JEF,Financial Services,Capital Markets
JHG,Financial Services,Asset Management
JHX,Basic Materials,Building Materials
JJSF,Consumer Defensive,Packaged Foods
JKHY,Technology,Information Technology Services
JLL,Real Estate,Real Estate Services
JMM,Financial Services,Asset Management
JNJ,Healthcare,Drug Manufacturers—General
JNPR,Technology,Communication Equipment
JOE,Real Estate,Real Estate—Diversified
JOUT,Consumer Cyclical,Leisure
JPM,Financial Services,Banks—Diversified
JWN,Consumer Cyclical,Department Stores
K,Consumer Defensive,Packaged Foods
KAI,Industrials,Specialty Industrial Machinery
KALU,Basic Materials,Aluminum
KAMN,Industrials,Aerospace & Defense
KAR,Consumer Cyclical,Auto & Truck Dealerships
KB,Financial Services,Banks—Regional
KBH,Consumer Cyclical,Residential Construction
KBR,Industrials,Engineering & Construction
KDP,Consumer Defensive,Beverages—Non-Alcoholic
KELYA,Industrials,Staffing & Employment Services
KEP,Utilities,Utilities—Regulated Electric
KEQU,Consumer Cyclical,"Furnishings, Fixtures & Appliances"
KEX,Industrials,Marine Shipping
KEY,Financial Services,Banks—Regional
KFFB,Financial Services,Banks—Regional
KFRC,Industrials,Staffing & Employment Services
KFS,Consumer Cyclical,Auto & Truck Dealerships
KFY,Industrials,Staffing & Employment Services
KGC,Basic Materials,Gold
KIM,Real Estate,REIT—Retail
KLAC,Technology,Semiconductor Equipment & Materials
KLIC,Technology,Semiconductor Equipment & Materials
KMB,Consumer Defensive,Household & Personal Products
KMPR,Financial Services,Insurance—Property & Casualty
KMT,Industrials,Tools & Accessories
KMX,Consumer Cyclical,Auto & Truck Dealerships
KNX,Industrials,Trucking
KO,Consumer Defensive,Beverages—Non-Alcoholic
KOF,Consumer Defensive,Beverages—Non-Alcoholic
KOP,Basic Materials,Specialty Chemicals
KOSS,Technology,Consumer Electronics
KR,Consumer Defensive,Grocery Stores
KRC,Real Estate,REIT—Office
KRG,Real Estate,REIT—Retail
KRNY,Financial Services,Banks—Regional
KRO,Basic Materials,Specialty Chemicals
KSS,Consumer Cyclical,Department Stores
KT,Communication Services,Telecom Services
KTCC,Technology,Computer Hardware
KTOS,Industrials,Aerospace & Defense
KVHI,Technology,Communication Equipment
KW,Real Estate,Real Estate Services
KWR,Basic Materials,Specialty Chemicals
KYN,Financial Services,Asset Management
L,Financial Services,Insurance—Property & Casualty
LAC,Basic Materials,Other Industrial Metals & Mining
LAD,Consumer Cyclical,Auto & Truck Dealerships
LAKE,Consumer Cyclical,Apparel Manufacturing
LAMR,Real Estate,REIT—Specialty
LANC,Consumer Defensive,Packaged Foods
LARK,Financial Services,Banks—Regional
LAZ,Financial Services,Capital Markets
LBAI,Financial Services,Banks—Regional
LBTYA,Communication Services,Telecom Services
LBTYK,Communication Services,Telecom Services
LCII,Consumer Cyclical,Recreational Vehicles
LCNB,Financial Services,Banks—Regional
LCUT,Consumer Cyclical,"Furnishings, Fixtures & Appliances"
LDOS,Technology,Information Technology Services
LEA,Consumer Cyclical,Auto Parts
LECO,Industrials,Tools & Accessories
LEE,Communication Services,Publishing
LEG,Consumer Cyclical,"Furnishings, Fixtures & Appliances"
LEN,Consumer Cyclical,Residential Construction
LEO,Financial Services,Asset Management
LEU,Energy,Uranium
LFUS,Technology,Electronic Components
LFVN,Consumer Defensive,Packaged Foods
LGL,Technology,Electronic Components
LGND,Healthcare,Biotechnology
LGO,Basic Materials,Other Industrial Metals & Mining
LH,Healthcare,Diagnostics & Research
LHX,Industrials,Aerospace & Defense
LII,Industrials,Building Products & Equipment
LIN,Basic Materials,Specialty Chemicals
LINC,Consumer Defensive,Education & Training Services
LINK,Technology,Electronic Components
LIVE,Consumer Cyclical,Home Improvement Retail
LIXT,Healthcare,Biotechnology
LKFN,Financial Services,Banks—Regional
LKQ,Consumer Cyclical,Auto Parts
LLY,Healthcare,Drug Manufacturers—General
LMAT,Healthcare,Medical Instruments & Supplies
LMNL,Healthcare,Biotechnology
LMNR,Consumer Defensive,Farm Products
LMT,Industrials,Aerospace & Defense
LNC,Financial Services,Insurance—Life
LNG,Energy,Oil & Gas Midstream
LNN,Industrials,Farm & Heavy Construction Machinery
LNT,Utilities,Utilities—Regulated Electric
LNW,Consumer Cyclical,Gambling
LOAN,Real Estate,REIT—Mortgage
LOGI,Technology,Computer Hardware
LOPE,Consumer Defensive,Education & Training Services
LOW,Consumer Cyclical,Home Improvement Retail
LPL,Technology,Consumer Electronics
LPSN,Technology,Software—Application
LPX,Industrials,Building Products & Equipment
LQDT,Consumer Cyclical,Internet Retail
LRCX,Technology,Semiconductor Equipment & Materials
LRN,Consumer Defensive,Education & Training Services
LSAK,Technology,Software—Infrastructure
LSBK,Financial Services,Banks—Regional
LSCC,Technology,Semiconductors
LSI,Real Estate,REIT—Industrial
LSTR,Industrials,Integrated Freight & Logistics
LTBR,Industrials,Electrical Equipment & Parts
LTC,Real Estate,REIT—Healthcare Facilities
LTRX,Technology,Communication Equipment
LULU,Consumer Cyclical,Apparel Retail
LUNA,Technology,Scientific & Technical Instruments
LUV,Industrials,Airlines
LVS,Consumer Cyclical,Resorts & Casinos
LWAY,Consumer Defensive,Packaged Foods
LWLG,Basic Materials,Specialty Chemicals
LXP,Real Estate,REIT—Industrial
LXU,Basic Materials,Chemicals
LYTS,Technology,Electronic Components
LYV,Communication Services,Entertainment
LZB,Consumer Cyclical,"Furnishings, Fixtures & Appliances"
M,Consumer Cyclical,Department Stores
MA,Financial Services,Credit Services
MAA,Real Estate,REIT—Residential
MAC,Real Estate,REIT—Retail
MAG,Basic Materials,Silver
MAIN,Financial Services,Asset Management
MAN,Industrials,Staffing & Employment Services
MANH,Technology,Software—Application
MAR,Consumer Cyclical,Lodging
MARPS,Energy,Oil & Gas Midstream
MAS,Industrials,Building Products & Equipment
MASI,Healthcare,Medical Instruments & Supplies
MAT,Consumer Cyclical,Leisure
MATV,Basic Materials,Paper & Paper Products
MATW,Industrials,Conglomerates
MATX,Industrials,Marine Shipping
MBCN,Financial Services,Banks—Regional
MBI,Financial Services,Insurance—Specialty
MBWM,Financial Services,Banks—Regional
MCBC,Financial Services,Banks—Regional
MCD,Consumer Cyclical,Restaurants
MCHP,Technology,Semiconductors
MCK,Healthcare,Medical Distribution
MCO,Financial Services,Financial Data & Stock Exchanges
MCRI,Consumer Cyclical,Resorts & Casinos
MCS,Communication Services,Entertainment
MCY,Financial Services,Insurance—Property & Casualty
MD,Healthcare,Medical Care Facilities
MDC,Consumer Cyclical,Residential Construction
MDGL,Healthcare,Biotechnology
MDLZ,Consumer Defensive,Confectioners
MDT,Healthcare,Medical Devices
MDU,Industrials,Conglomerates
MED,Consumer Cyclical,Personal Services
MEI,Technology,Electronic Components
MEIP,Healthcare,Biotechnology
MELI,Consumer Cyclical,Internet Retail
MEOH,Basic Materials,Chemicals
MERC,Basic Materials,Paper & Paper Products
MET,Financial Services,Insurance—Life
MFA,Real Estate,REIT—Mortgage
MFC,Financial Services,Insurance—Life
MFD,Financial Services,Asset Management
MFIC,Financial Services,Asset Management
MFIN,Financial Services,Credit Services
MG,Industrials,Security & Protection Services
MGA,Consumer Cyclical,Auto Parts
MGEE,Utilities,Utilities—Diversified
MGIC,Technology,Information Technology Services
MGM,Consumer Cyclical,Resorts & Casinos
MGPI,Consumer Defensive,Beverages—Wineries & Distilleries
MGRC,Industrials,Rental & Leasing Services
MGYR,Financial Services,Banks—Regional
MHH,Industrials,Staffing & Employment Services
MHK,Consumer Cyclical,"Furnishings, Fixtures & Appliances"
MHO,Consumer Cyclical,Residential Construction
MIDD,Industrials,Specialty Industrial Machinery
MITK,Technology,Software—Application
MKC,Consumer Defensive,Packaged Foods
MKL,Financial Services,Insurance—Property & Casualty
MKSI,Technology,Scientific & Technical Instruments
MKTX,Financial Services,Capital Markets
MLAB,Technology,Scientific & Technical Instruments
MLCO,Consumer Cyclical,Resorts & Casinos
MLI,Industrials,Metal Fabrication
MLKN,Consumer Cyclical,"Furnishings, Fixtures & Appliances"
MLM,Basic Materials,Building Materials
MLP,Real Estate,Real Estate Services
MLR,Consumer Cyclical,Auto Parts
MLVF,Financial Services,Banks—Regional
MMC,Financial Services,Insurance Brokers
MMM,Industrials,Conglomerates
MMP,Energy,Oil & Gas Midstream
MMS,Industrials,Specialty Business Services
MMSI,Healthcare,Medical Instruments & Supplies
MNRO,Consumer Cyclical,Auto Parts
MNST,Consumer Defensive,Beverages—Non-Alcoholic
MNTX,Industrials,Farm & Heavy Construction Machinery
MO,Consumer Defensive,Tobacco
MOD,Consumer Cyclical,Auto Parts
MODG,Consumer Cyclical,Leisure
MODV,Healthcare,Medical Care Facilities
MOFG,Financial Services,Banks—Regional
MOH,Healthcare,Healthcare Plans
MORN,Financial Services,Financial Data & Stock Exchanges
MOS,Basic Materials,Agricultural Inputs
MOV,Consumer Cyclical,Luxury Goods
MPAA,Consumer Cyclical,Auto Parts
MPB,Financial Services,Banks—Regional
MPW,Real Estate,REIT—Healthcare Facilities
MPWR,Technology,Semiconductors
MPX,Consumer Cyclical,Recreational Vehicles
MRCY,Industrials,Aerospace & Defense
MRK,Healthcare,Drug Manufacturers—General
MRO,Energy,Oil & Gas E&P
MRTN,Industrials,Trucking
MRVL,Technology,Semiconductors
MS,Financial Services,Capital Markets
MSA,Industrials,Security & Protection Services
MSB,Basic Materials,Steel
MSCI,Financial Services,Financial Data & Stock Exchanges
MSEX,Utilities,Utilities—Regulated Water
MSFT,Technology,Software—Infrastructure
MSI,Technology,Communication Equipment
MSM,Industrials,Industrial Distribution
MSTR,Technology,Software—Application
MT,Basic Materials,Steel
MTB,Financial Services,Banks—Regional
MTCH,Communication Services,Internet Content & Information
MTD,Healthcare,Diagnostics & Research
MTG,Financial Services,Insurance—Specialty
MTH,Consumer Cyclical,Residential Construction
MTN,Consumer Cyclical,Resorts & Casinos
MTR,Energy,Oil & Gas E&P
MTRN,Basic Materials,Other Industrial Metals & Mining
MTRX,Industrials,Engineering & Construction
MTW,Industrials,Farm & Heavy Construction Machinery
MTX,Basic Materials,Specialty Chemicals
MTZ,Industrials,Engineering & Construction
MU,Technology,Semiconductors
MUFG,Financial Services,Banks—Diversified
MUR,Energy,Oil & Gas E&P
MVBF,Financial Services,Banks—Regional
MVO,Energy,Oil & Gas E&P
MWA,Industrials,Specialty Industrial Machinery
MXC,Energy,Oil & Gas E&P
MYE,Consumer Cyclical,Packaging & Containers
MYGN,Healthcare,Diagnostics & Research
MYRG,Industrials,Engineering & Construction
NAII,Consumer Defensive,Packaged Foods
NATH,Consumer Cyclical,Restaurants
NATI,Technology,Software—Application
NATR,Consumer Defensive,Packaged Foods
NBIX,Healthcare,Drug Manufacturers—Specialty & Generic
NBN,Financial Services,Banks—Regional
NBR,Energy,Oil & Gas Drilling
NBTB,Financial Services,Banks—Regional
NC,Energy,Thermal Coal
NCA,Financial Services,Asset Management
NCR,Technology,Information Technology Services
NDAQ,Financial Services,Financial Data & Stock Exchanges
NDSN,Industrials,Specialty Industrial Machinery
NEE,Utilities,Utilities—Regulated Electric
NEM,Basic Materials,Gold
NEN,Real Estate,Real Estate Services
NEO,Healthcare,Diagnostics & Research
NEOG,Healthcare,Diagnostics & Research
NEON,Technology,Electronic Components
NEU,Basic Materials,Specialty Chemicals
NEWT,Financial Services,Asset Management
NFBK,Financial Services,Banks—Regional
NFG,Energy,Oil & Gas Integrated
NFLX,Communication Services,Entertainment
NG,Basic Materials,Gold
NGG,Utilities,Utilities—Regulated Electric
NGS,Energy,Oil & Gas Equipment & Services
NHC,Healthcare,Medical Care Facilities
NHI,Real Estate,REIT—Healthcare Facilities
NHTC,Consumer Cyclical,Internet Retail
NI,Utilities,Utilities—Regulated Gas
NICE,Technology,Software—Application
NICK,Financial Services,Credit Services
NIE,Financial Services,Asset Management
NJR,Utilities,Utilities—Regulated Gas
NKE,Consumer Cyclical,Footwear & Accessories
NKSH,Financial Services,Banks—Regional
NL,Industrials,Security & Protection Services
NLY,Real Estate,REIT—Mortgage
NMI,Financial Services,Asset Management
NMM,Industrials,Marine Shipping
NNI,Financial Services,Credit Services
NNN,Real Estate,REIT—Retail
NNY,Financial Services,Asset Management
NOA,Energy,Oil & Gas Equipment & Services
NOC,Industrials,Aerospace & Defense
NOG,Energy,Oil & Gas E&P
NOK,Technology,Communication Equipment
NOTV,Healthcare,Diagnostics & Research
NOV,Energy,Oil & Gas Equipment & Services
NOVT,Technology,Scientific & Technical Instruments
NPK,Industrials,Aerospace & Defense
NPO,Industrials,Specialty Industrial Machinery
NRG,Utilities,Utilities—Independent Power Producers
NRIM,Financial Services,Banks—Regional
NRP,Energy,Thermal Coal
NRT,Energy,Oil & Gas E&P
NS,Energy,Oil & Gas Midstream
NSC,Industrials,Railroads
NSIT,Technology,Electronics & Computer Distribution
NSP,Industrials,Staffing & Employment Services
NSSC,Industrials,Security & Protection Services
NSYS,Technology,Electronic Components
NTAP,Technology,Computer Hardware
NTCT,Technology,Software—Infrastructure
NTES,Communication Services,Electronic Gaming & Multimedia
NTGR,Technology,Communication Equipment
NTIC,Basic Materials,Specialty Chemicals
NTRS,Financial Services,Asset Management
NTZ,Consumer Cyclical,"Furnishings, Fixtures & Appliances"
NUE,Basic Materials,Steel
NUS,Consumer Defensive,Household & Personal Products
NUVA,Healthcare,Medical Devices
NVAX,Healthcare,Biotechnology
NVDA,Technology,Semiconductors
NVEC,Technology,Semiconductors
NVGS,Energy,Oil & Gas Midstream
NVMI,Technology,Semiconductor Equipment & Materials
NVO,Healthcare,Biotechnology
NVR,Consumer Cyclical,Residential Construction
NVS,Healthcare,Drug Manufacturers—General
NWBI,Financial Services,Banks—Regional
NWE,Utilities,Utilities—Diversified
NWFL,Financial Services,Banks—Regional
NWG,Financial Services,Banks—Diversified
NWL,Consumer Defensive,Household & Personal Products
NWLI,Financial Services,Insurance—Life
NWN,Utilities,Utilities—Regulated Gas
NWPX,Industrials,Metal Fabrication
NX,Industrials,Building Products & Equipment
NXGN,Healthcare,Health Information Services
NXST,Communication Services,Entertainment
NYCB,Financial Services,Banks—Regional
NYMT,Real Estate,REIT—Mortgage
NYT,Communication Services,Publishing
O,Real Estate,REIT—Retail
OBE,Energy,Oil & Gas E&P
OC,Industrials,Building Products & Equipment
OCC,Technology,Communication Equipment
OCFC,Financial Services,Banks—Regional
OCN,Financial Services,Mortgage Finance
OCSL,Financial Services,Credit Services
ODC,Basic Materials,Specialty Chemicals
ODFL,Industrials,Trucking
ODP,Consumer Cyclical,Specialty Retail
OFC,Real Estate,REIT—Office
OFG,Financial Services,Banks—Regional
OFIX,Healthcare,Medical Devices
OFLX,Industrials,Specialty Industrial Machinery
OGE,Utilities,Utilities—Regulated Electric
OHI,Real Estate,REIT—Healthcare Facilities
OI,Consumer Cyclical,Packaging & Containers
OII,Energy,Oil & Gas Equipment & Services
OIS,Energy,Oil & Gas Equipment & Services
OKE,Energy,Oil & Gas Midstream
OLED,Technology,Semiconductor Equipment & Materials
OLN,Basic Materials,Specialty Chemicals
OLP,Real Estate,REIT—Diversified
OMAB,Industrials,Airports & Air Services
OMC,Communication Services,Advertising Agencies
OMCL,Healthcare,Health Information Services
OMI,Healthcare,Medical Distribution
ON,Technology,Semiconductors
ONB,Financial Services,Banks—Regional
ONTO,Technology,Semiconductor Equipment & Materials
OPCH,Healthcare,Medical Care Facilities
OPI,Real Estate,REIT—Office
OPOF,Financial Services,Banks—Regional
OPRX,Healthcare,Health Information Services
OPY,Financial Services,Capital Markets
ORA,Utilities,Utilities—Renewable
ORAN,Communication Services,Telecom Services
ORCL,Technology,Software—Infrastructure
ORI,Financial Services,Insurance—Diversified
ORLY,Consumer Cyclical,Specialty Retail
ORRF,Financial Services,Banks—Regional
OSBC,Financial Services,Banks—Regional
OSIS,Technology,Electronic Components
OSK,Industrials,Farm & Heavy Construction Machinery
OSPN,Technology,Software—Infrastructure
OSTK,Consumer Cyclical,Internet Retail
OTEX,Technology,Software—Application
OTTR,Utilities,Utilities—Diversified
OVBC,Financial Services,Banks—Regional
OVLY,Financial Services,Banks—Regional
OVV,Energy,Oil & Gas E&P
OXM,Consumer Cyclical,Apparel Manufacturing
OXY,Energy,Oil & Gas E&P
OZK,Financial Services,Banks—Regional
PAA,Energy,Oil & Gas Midstream
PAAS,Basic Materials,Silver
PAC,Industrials,Airports & Air Services
PAG,Consumer Cyclical,Auto & Truck Dealerships
PAM,Utilities,Utilities—Independent Power Producers
PAR,Technology,Software—Application
PARA,Communication Services,Entertainment
PATK,Consumer Cyclical,"Furnishings, Fixtures & Appliances"
PAYX,Industrials,Staffing & Employment Services
PB,Financial Services,Banks—Regional
PBH,Healthcare,Medical Distribution
PBR,Energy,Oil & Gas Integrated
PBT,Energy,Oil & Gas Midstream
PCAR,Industrials,Farm & Heavy Construction Machinery
PCG,Utilities,Utilities—Regulated Electric
PCH,Real Estate,REIT—Specialty
PCN,Financial Services,Asset Management
PCTI,Technology,Communication Equipment
PCYG,Technology,Software—Application
PCYO,Utilities,Utilities—Regulated Water
PDCE,Energy,Oil & Gas E&P
PDCO,Healthcare,Medical Distribution
PDEX,Healthcare,Medical Instruments & Supplies
PDFS,Technology,Software—Application
PDS,Energy,Oil & Gas Drilling
PEAK,Real Estate,REIT—Healthcare Facilities
PEB,Real Estate,REIT—Hotel & Motel
PEBK,Financial Services,Banks—Regional
PEBO,Financial Services,Banks—Regional
PEG,Utilities,Utilities—Regulated Electric
PEGA,Technology,Software—Application
PENN,Consumer Cyclical,Resorts & Casinos
PEO,Financial Services,Asset Management
PEP,Consumer Defensive,Beverages—Non-Alcoholic
PERI,Communication Services,Internet Content & Information
PESI,Industrials,Waste Management
PETS,Healthcare,Pharmaceutical Retailers
PFBC,Financial Services,Banks—Regional
PFC,Financial Services,Banks—Regional
PFE,Healthcare,Drug Manufacturers—General
PFG,Financial Services,Insurance—Diversified
PFIN,Industrials,Tools & Accessories
PFIS,Financial Services,Banks—Regional
PFS,Financial Services,Banks—Regional
PFSW,Industrials,Specialty Business Services
PG,Consumer Defensive,Household & Personal Products
PGC,Financial Services,Banks—Regional
PGR,Financial Services,Insurance—Property & Casualty
PGTI,Industrials,Building Products & Equipment
PH,Industrials,Specialty Industrial Machinery
PHG,Healthcare,Medical Devices
PHI,Communication Services,Telecom Services
PHM,Consumer Cyclical,Residential Construction
PII,Consumer Cyclical,Recreational Vehicles
PIM,Financial Services,Asset Management
PIPR,Financial Services,Capital Markets
PKBK,Financial Services,Banks—Regional
PKE,Industrials,Aerospace & Defense
PKG,Consumer Cyclical,Packaging & Containers
PKOH,Industrials,Specialty Industrial Machinery
PKX,Basic Materials,Steel
PLAB,Technology,Semiconductor Equipment & Materials
PLBC,Financial Services,Banks—Regional
PLCE,Consumer Cyclical,Apparel Retail
PLD,Real Estate,REIT—Industrial
PLPC,Industrials,Electrical Equipment & Parts
PLUG,Industrials,Electrical Equipment & Parts
PLUS,Technology,Software—Application
PLXS,Technology,Electronic Components
PM,Consumer Defensive,Tobacco
PMD,Healthcare,Diagnostics & Research
PMT,Real Estate,REIT—Mortgage
PNBK,Financial Services,Banks—Regional
PNC,Financial Services,Banks—Regional
PNFP,Financial Services,Banks—Regional
PNM,Utilities,Utilities—Regulated Electric
PNNT,Financial Services,Asset Management
PNR,Industrials,Specialty Industrial Machinery
PNRG,Energy,Oil & Gas E&P
PNW,Utilities,Utilities—Regulated Electric
PODD,Healthcare,Medical Devices
POOL,Industrials,Industrial Distribution
POR,Utilities,Utilities—Regulated Electric
POWI,Technology,Semiconductors
POWL,Industrials,Electrical Equipment & Parts
PPBI,Financial Services,Banks—Regional
PPC,Consumer Defensive,Packaged Foods
PPG,Basic Materials,Specialty Chemicals
PPIH,Industrials,Building Products & Equipment
PPL,Utilities,Utilities—Regulated Electric
PRA,Financial Services,Insurance—Property & Casualty
PRAA,Financial Services,Credit Services
PRDO,Consumer Defensive,Education & Training Services
PRFT,Technology,Information Technology Services
PRG,Industrials,Rental & Leasing Services
PRGO,Healthcare,Drug Manufacturers—Specialty & Generic
PRGS,Technology,Software—Application
PRIM,Industrials,Engineering & Construction
PRK,Financial Services,Banks—Regional
PRMW,Consumer Defensive,Beverages—Non-Alcoholic
PRO,Technology,Software—Application
PROV,Financial Services,Banks—Regional
PRPH,Healthcare,Drug Manufacturers—Specialty & Generic
PRTS,Consumer Cyclical,Internet Retail
PRU,Financial Services,Insurance—Life
PSA,Real Estate,REIT—Industrial
PSEC,Financial Services,Asset Management
PSMT,Consumer Defensive,Discount Stores
PSO,Communication Services,Publishing
PTC,Technology,Software—Application
PTEN,Energy,Oil & Gas Drilling
PTMN,Financial Services,Asset Management
PTRS,Financial Services,Banks—Regional
PTSI,Industrials,Trucking
PUK,Financial Services,Insurance—Life
PVH,Consumer Cyclical,Apparel Manufacturing
PWOD,Financial Services,Banks—Regional
PWR,Industrials,Engineering & Construction
PXD,Energy,Oil & Gas E&P
PZZA,Consumer Cyclical,Restaurants
QCOM,Technology,Semiconductors
QCRH,Financial Services,Banks—Regional
QDEL,Healthcare,Medical Instruments & Supplies
QGEN,Healthcare,Diagnostics & Research
QRTEB,Consumer Cyclical,Internet Retail
QUIK,Technology,Semiconductors
R,Industrials,Rental & Leasing Services
RAMP,Technology,Software—Infrastructure
RBA,Industrials,Specialty Business Services
RBC,Industrials,Tools & Accessories
RBCAA,Financial Services,Banks—Regional
RCI,Communication Services,Telecom Services
RCKY,Consumer Cyclical,Footwear & Accessories
RCL,Consumer Cyclical,Travel Services
RCMT,Industrials,Conglomerates
RDCM,Communication Services,Telecom Services
RDN,Financial Services,Insurance—Specialty
RDNT,Healthcare,Diagnostics & Research
RDWR,Technology,Software—Infrastructure
RDY,Healthcare,Drug Manufacturers—Specialty & Generic
REG,Real Estate,REIT—Retail
REGN,Healthcare,Biotechnology
RELL,Technology,Electronic Components
RELX,Communication Services,Publishing
RES,Energy,Oil & Gas Equipment & Services
REX,Basic Materials,Specialty Chemicals
RF,Financial Services,Banks—Regional
RFIL,Industrials,Electrical Equipment & Parts
RGA,Financial Services,Insurance—Reinsurance
RGCO,Utilities,Utilities—Regulated Gas
RGEN,Healthcare,Medical Instruments & Supplies
RGLD,Basic Materials,Gold
RGP,Industrials,Consulting Services
RGR,Industrials,Aerospace & Defense
RHI,Industrials,Staffing & Employment Services
RHP,Real Estate,REIT—Hotel & Motel
RICK,Consumer Cyclical,Restaurants
RILY,Financial Services,Financial Conglomerates
RIO,Basic Materials,Other Industrial Metals & Mining
RIOT,Technology,Software—Application
RJF,Financial Services,Capital Markets
RL,Consumer Cyclical,Apparel Manufacturing
RLGT,Industrials,Integrated Freight & Logistics
RLI,Financial Services,Insurance—Property & Casualty
RMBS,Technology,Semiconductors
RMCF,Consumer Defensive,Confectioners
RMD,Healthcare,Medical Instruments & Supplies
RNR,Financial Services,Insurance—Reinsurance
RNST,Financial Services,Banks—Regional
ROCK,Industrials,Building Products & Equipment
ROG,Technology,Electronic Components
ROIC,Real Estate,REIT—Retail
ROK,Industrials,Specialty Industrial Machinery
ROL,Consumer Cyclical,Personal Services
ROP,Industrials,Specialty Industrial Machinery
ROST,Consumer Cyclical,Apparel Retail
RPM,Basic Materials,Specialty Chemicals
RPT,Real Estate,REIT—Retail
RRC,Energy,Oil & Gas E&P
RRGB,Consumer Cyclical,Restaurants
RRX,Industrials,Specialty Industrial Machinery
RS,Basic Materials,Steel
RSG,Industrials,Waste Management
RTC,Technology,Software—Application
RTO,Industrials,Specialty Business Services
RTX,Industrials,Aerospace & Defense
RUSHA,Consumer Cyclical,Auto & Truck Dealerships
RUSHB,Consumer Cyclical,Auto & Truck Dealerships
RVSB,Financial Services,Banks—Regional
RVT,Financial Services,Asset Management
RVTY,Healthcare,Diagnostics & Research
RWT,Real Estate,REIT—Mortgage
RY,Financial Services,Banks—Diversified
RYAAY,Industrials,Airlines
RYN,Real Estate,REIT—Specialty
SA,Basic Materials,Gold
SAFT,Financial Services,Insurance—Property & Casualty
SAH,Consumer Cyclical,Auto & Truck Dealerships
SAIA,Industrials,Trucking
SAL,Financial Services,Banks—Regional
SAM,Consumer Defensive,Beverages—Brewers
SANM,Technology,Electronic Components
SAP,Technology,Software—Application
SAR,Financial Services,Asset Management
SASR,Financial Services,Banks—Regional
SATS,Technology,Communication Equipment
SAVA,Healthcare,Biotechnology
SBAC,Real Estate,REIT—Specialty
SBCF,Financial Services,Banks—Regional
SBFG,Financial Services,Banks—Regional
SBGI,Communication Services,Entertainment
SBH,Consumer Cyclical,Specialty Retail
SBLK,Industrials,Marine Shipping
SBR,Energy,Oil & Gas E&P
SBS,Utilities,Utilities—Regulated Water
SBSI,Financial Services,Banks—Regional
SBUX,Consumer Cyclical,Restaurants
SCCO,Basic Materials,Copper
SCHL,Communication Services,Publishing
SCHN,Basic Materials,Steel
SCHW,Financial Services,Capital Markets
SCI,Consumer Cyclical,Personal Services
SCL,Basic Materials,Specialty Chemicals
SCS,Industrials,Business Equipment & Supplies
SCSC,Technology,Electronics & Computer Distribution
SCU,Financial Services,Asset Management
SCVL,Consumer Cyclical,Apparel Retail
SCX,Industrials,Tools & Accessories
SEAC,Technology,Software—Application
SEB,Industrials,Conglomerates
SEE,Consumer Cyclical,Packaging & Containers
SEED,Basic Materials,Agricultural Inputs
SEIC,Financial Services,Asset Management
SELF,Real Estate,REIT—Industrial
SEM,Healthcare,Medical Care Facilities
SENEA,Consumer Defensive,Packaged Foods
SF,Financial Services,Capital Markets
SFL,Industrials,Marine Shipping
SFNC,Financial Services,Banks—Regional
SFST,Financial Services,Banks—Regional
SGA,Communication Services,Broadcasting
SGC,Consumer Cyclical,Apparel Manufacturing
SGEN,Healthcare,Biotechnology
SGU,Energy,Oil & Gas Refining & Marketing
SHBI,Financial Services,Banks—Regional
SHEL,Energy,Oil & Gas Integrated
SHEN,Communication Services,Telecom Services
SHG,Financial Services,Banks—Regional
SHIP,Industrials,Marine Shipping
SHO,Real Estate,REIT—Hotel & Motel
SHOO,Consumer Cyclical,Footwear & Accessories
SHW,Basic Materials,Specialty Chemicals
SHYF,Industrials,Farm & Heavy Construction Machinery
SIG,Consumer Cyclical,Luxury Goods
SIGA,Healthcare,Drug Manufacturers—Specialty & Generic
SIGI,Financial Services,Insurance—Property & Casualty
SII,Financial Services,Asset Management
SILC,Technology,Communication Equipment
SIMO,Technology,Semiconductors
SIRI,Communication Services,Entertainment
SITC,Real Estate,REIT—Retail
SJM,Consumer Defensive,Packaged Foods
SJT,Energy,Oil & Gas E&P
SJW,Utilities,Utilities—Regulated Water
SKE,Basic Materials,Other Industrial Metals & Mining
SKM,Communication Services,Telecom Services
SKT,Real Estate,REIT—Retail
SKX,Consumer Cyclical,Footwear & Accessories
SKYW,Industrials,Airlines
SLAB,Technology,Semiconductors
SLB,Energy,Oil & Gas Equipment & Services
SLF,Financial Services,Insurance—Diversified
SLG,Real Estate,REIT—Office
SLGN,Consumer Cyclical,Packaging & Containers
SLM,Financial Services,Credit Services
SLMBP,Financial Services,Credit Services
SLP,Healthcare,Health Information Services
SM,Energy,Oil & Gas E&P
SMBC,Financial Services,Banks—Regional
SMBK,Financial Services,Banks—Regional
SMCI,Technology,Computer Hardware
SMFG,Financial Services,Banks—Diversified
SMG,Basic Materials,Agricultural Inputs
SMID,Basic Materials,Building Materials
SMMF,Financial Services,Banks—Regional
SMP,Consumer Cyclical,Auto Parts
SMTC,Technology,Semiconductors
SMTI,Healthcare,Medical Instruments & Supplies
SNA,Industrials,Tools & Accessories
SNBR,Consumer Cyclical,"Furnishings, Fixtures & Appliances"
SNDA,Healthcare,Medical Care Facilities
SNEX,Financial Services,Capital Markets
SNFCA,Financial Services,Mortgage Finance
SNN,Healthcare,Medical Devices
SNPS,Technology,Software—Infrastructure
SNV,Financial Services,Banks—Regional
SNX,Technology,Electronics & Computer Distribution
SNY,Healthcare,Drug Manufacturers—General
SO,Utilities,Utilities—Regulated Electric
SOHU,Communication Services,Electronic Gaming & Multimedia
SOL,Technology,Solar
SON,Consumer Cyclical,Packaging & Containers
SONY,Technology,Consumer Electronics
SOR,Financial Services,Asset Management
SP,Industrials,Specialty Business Services
SPG,Real Estate,REIT—Retail
SPGI,Financial Services,Financial Data & Stock Exchanges
SPH,Utilities,Utilities—Regulated Gas
SPNS,Technology,Software—Application
SPOK,Healthcare,Health Information Services
SPR,Industrials,Aerospace & Defense
SPTN,Consumer Defensive,Food Distribution
SPWR,Technology,Solar
SPXC,Industrials,Specialty Industrial Machinery
SQM,Basic Materials,Specialty Chemicals
SR,Utilities,Utilities—Regulated Gas
SRCE,Financial Services,Banks—Regional
SRCL,Industrials,Waste Management
SRDX,Healthcare,Medical Devices
SRE,Utilities,Utilities—Diversified
SRI,Consumer Cyclical,Auto Parts
SRL,Financial Services,Capital Markets
SRPT,Healthcare,Biotechnology
SRV,Financial Services,Asset Management
SSB,Financial Services,Banks—Regional
SSBI,Financial Services,Banks—Regional
SSD,Industrials,Building Products & Equipment
SSL,Basic Materials,Specialty Chemicals
SSP,Communication Services,Broadcasting
SSRM,Basic Materials,Gold
SSYS,Technology,Computer Hardware
STAA,Healthcare,Medical Instruments & Supplies
STBA,Financial Services,Banks—Regional
STC,Financial Services,Insurance—Property & Casualty
STCN,Communication Services,Advertising Agencies
STE,Healthcare,Medical Devices
STKL,Consumer Defensive,Packaged Foods
STLD,Basic Materials,Steel
STM,Technology,Semiconductors
STN,Industrials,Engineering & Construction
STRA,Consumer Defensive,Education & Training Services
STRL,Industrials,Engineering & Construction
STRS,Real Estate,Real Estate—Diversified
STRT,Consumer Cyclical,Auto Parts
STT,Financial Services,Asset Management
STWD,Real Estate,REIT—Mortgage
STX,Technology,Computer Hardware
STZ,Consumer Defensive,Beverages—Wineries & Distilleries
SU,Energy,Oil & Gas Integrated
SUI,Real Estate,REIT—Residential
SUZ,Basic Materials,Paper & Paper Products
SVC,Real Estate,REIT—Hotel & Motel
SWBI,Industrials,Aerospace & Defense
SWK,Industrials,Tools & Accessories
SWKH,Financial Services,Asset Management
SWKS,Technology,Semiconductors
SWN,Energy,Oil & Gas E&P
SWX,Utilities,Utilities—Regulated Gas
SXI,Industrials,Specialty Industrial Machinery
SXT,Basic Materials,Specialty Chemicals
SYBT,Financial Services,Banks—Regional
SYK,Healthcare,Medical Devices
SYNA,Technology,Semiconductors
SYY,Consumer Defensive,Food Distribution
T,Communication Services,Telecom Services
TAC,Utilities,Utilities—Independent Power Producers
TACT,Technology,Computer Hardware
TAIT,Technology,Electronics & Computer Distribution
TAK,Healthcare,Drug Manufacturers—Specialty & Generic
TAP,Consumer Defensive,Beverages—Brewers
TARO,Healthcare,Drug Manufacturers—Specialty & Generic
TATT,Industrials,Aerospace & Defense
TAYD,Industrials,Specialty Industrial Machinery
TBBK,Financial Services,Banks—Regional
TBI,Industrials,Staffing & Employment Services
TBNK,Financial Services,Banks—Regional
TCBI,Financial Services,Banks—Regional
TCBK,Financial Services,Banks—Regional
TCI,Real Estate,Real Estate Services
TCOM,Consumer Cyclical,Travel Services
TCX,Technology,Software—Infrastructure
TD,Financial Services,Banks—Diversified
TDC,Technology,Software—Infrastructure
TDG,Industrials,Aerospace & Defense
TDS,Communication Services,Telecom Services
TDW,Energy,Oil & Gas Equipment & Services
TDY,Technology,Scientific & Technical Instruments
TECH,Healthcare,Biotechnology
TECK,Basic Materials,Other Industrial Metals & Mining
TEF,Technology,Telecom Services - Foreign
TEL,Technology,Electronic Components
TEO,Communication Services,Telecom Services
TER,Technology,Semiconductor Equipment & Materials
TESS,Technology,Communication Equipment
TEVA,Healthcare,Drug Manufacturers—Specialty & Generic
TEX,Industrials,Farm & Heavy Construction Machinery
TFC,Financial Services,Banks—Regional
TFII,Industrials,Trucking
TFSL,Financial Services,Banks—Regional
TFX,Healthcare,Medical Instruments & Supplies
TG,Industrials,Metal Fabrication
TGH,Industrials,Rental & Leasing Services
TGI,Industrials,Aerospace & Defense
TGNA,Communication Services,Broadcasting
TGS,Energy,Oil & Gas Integrated
TGT,Consumer Defensive,Discount Stores
THC,Healthcare,Medical Care Facilities
THFF,Financial Services,Banks—Regional
THG,Financial Services,Insurance—Property & Casualty
THO,Consumer Cyclical,Recreational Vehicles
THRM,Consumer Cyclical,Auto Parts
THS,Consumer Defensive,Packaged Foods
TILE,Consumer Cyclical,"Furnishings, Fixtures & Appliances"
TIMB,Communication Services,Telecom Services
TISI,Industrials,Specialty Business Services
TITN,Industrials,Industrial Distribution
TJX,Consumer Cyclical,Apparel Retail
TKR,Industrials,Tools & Accessories
TLK,Communication Services,Telecom Services
TM,Consumer Cyclical,Auto Manufacturers
TMO,Healthcare,Diagnostics & Research
TMP,Financial Services,Banks—Regional
TMUS,Communication Services,Telecom Services
TNC,Industrials,Specialty Industrial Machinery
TNK,Energy,Oil & Gas Midstream
TNL,Consumer Cyclical,Travel Services
TNP,Energy,Oil & Gas Midstream
TOL,Consumer Cyclical,Residential Construction
TOWN,Financial Services,Banks—Regional
TPC,Industrials,Engineering & Construction
TPL,Energy,Oil & Gas E&P
TPR,Consumer Cyclical,Luxury Goods
TPX,Consumer Cyclical,"Furnishings, Fixtures & Appliances"
TR,Consumer Defensive,Confectioners
TRC,Industrials,Conglomerates
TREE,Financial Services,Financial Conglomerates
TREX,Industrials,Building Products & Equipment
TRI,Industrials,Specialty Business Services
TRMB,Technology,Scientific & Technical Instruments
TRMK,Financial Services,Banks—Regional
TRN,Industrials,Railroads
TRNS,Industrials,Industrial Distribution
TROW,Financial Services,Asset Management
TRP,Energy,Oil & Gas Midstream
TRS,Consumer Cyclical,Packaging & Containers
TRST,Financial Services,Banks—Regional
TRT,Technology,Semiconductor Equipment & Materials
TRV,Financial Services,Insurance—Property & Casualty
TS,Energy,Oil & Gas Equipment & Services
TSBK,Financial Services,Banks—Regional
TSCO,Consumer Cyclical,Specialty Retail
TSEM,Technology,Semiconductors
TSM,Technology,Semiconductors
TSN,Consumer Defensive,Farm Products
TSRI,Technology,Software—Application
TT,Industrials,Building Products & Equipment
TTC,Industrials,Tools & Accessories
TTE,Energy,Oil & Gas Integrated
TTEC,Technology,Information Technology Services
TTEK,Industrials,Engineering & Construction
TTGT,Communication Services,Internet Content & Information
TTMI,Technology,Electronic Components
TTWO,Communication Services,Electronic Gaming & Multimedia
TU,Communication Services,Telecom Services
TURN,Financial Services,Asset Management
TV,Communication Services,Telecom Services
TVC,,
TVE,,
TWI,Industrials,Farm & Heavy Construction Machinery
TWIN,Industrials,Specialty Industrial Machinery
TWO,Real Estate,REIT—Mortgage
TX,Basic Materials,Steel
TXMD,Healthcare,Drug Manufacturers—Specialty & Generic
TXN,Technology,Semiconductors
TXRH,Consumer Cyclical,Restaurants
TXT,Industrials,Aerospace & Defense
TY,Financial Services,Asset Management
TYG,Financial Services,Asset Management
TYL,Technology,Software—Application
TZOO,Communication Services,Advertising Agencies
UAL,Industrials,Airlines
UBA,Real Estate,REIT—Retail
UBCP,Financial Services,Banks—Regional
UBFO,Financial Services,Banks—Regional
UBP,Real Estate,REIT—Retail
UBS,Financial Services,Banks—Diversified
UBSI,Financial Services,Banks—Regional
UCBI,Financial Services,Banks—Regional
UCTT,Technology,Semiconductor Equipment & Materials
UDR,Real Estate,REIT—Residential
UEIC,Technology,Consumer Electronics
UFCS,Financial Services,Insurance—Property & Casualty
UFI,Consumer Cyclical,Textile Manufacturing
UFPI,Basic Materials,Lumber & Wood Production
UFPT,Healthcare,Medical Devices
UG,Consumer Defensive,Household & Personal Products
UGI,Utilities,Utilities—Regulated Gas
UHAL,Industrials,Rental & Leasing Services
UHS,Healthcare,Medical Care Facilities
UHT,Real Estate,REIT—Healthcare Facilities
UIS,Technology,Information Technology Services
UL,Consumer Defensive,Household & Personal Products
ULBI,Industrials,Electrical Equipment & Parts
ULH,Industrials,Trucking
ULTA,Consumer Cyclical,Specialty Retail
UMBF,Financial Services,Banks—Regional
UMC,Technology,Semiconductors
UMH,Real Estate,REIT—Residential
UNB,Financial Services,Banks—Regional
UNF,Industrials,Specialty Business Services
UNFI,Consumer Defensive,Food Distribution
UNH,Healthcare,Healthcare Plans
UNM,Financial Services,Insurance—Life
UNP,Industrials,Railroads
UNTY,Financial Services,Banks—Regional
UONE,Communication Services,Broadcasting
UONEK,Communication Services,Broadcasting
UPS,Industrials,Integrated Freight & Logistics
URBN,Consumer Cyclical,Apparel Retail
URI,Industrials,Rental & Leasing Services
USAP,Basic Materials,Steel
USAU,Basic Materials,Gold
USB,Financial Services,Banks—Regional
USLM,Basic Materials,Building Materials
USM,Communication Services,Telecom Services
USNA,Consumer Defensive,Packaged Foods
USPH,Healthcare,Medical Care Facilities
UTHR,Healthcare,Biotechnology
UTI,Consumer Defensive,Education & Training Services
UTL,Utilities,Utilities—Diversified
UTMD,Healthcare,Medical Instruments & Supplies
UTSI,Technology,Communication Equipment
UUUU,Energy,Uranium
UVE,Financial Services,Insurance—Property & Casualty
UVSP,Financial Services,Banks—Regional
UVV,Consumer Defensive,Tobacco
V,Financial Services,Credit Services
VALE,Basic Materials,Other Industrial Metals & Mining
VALU,Financial Services,Financial Data & Stock Exchanges
VCEL,Healthcare,Biotechnology
VECO,Technology,Semiconductor Equipment & Materials
VEON,Communication Services,Telecom Services
VGR,Consumer Defensive,Tobacco
VHI,Basic Materials,Chemicals
VIAV,Technology,Communication Equipment
VICR,Technology,Electronic Components
VIRC,Consumer Cyclical,"Furnishings, Fixtures & Appliances"
VIV,Communication Services,Telecom Services
VKQ,Financial Services,Asset Management
VLGEA,Consumer Defensive,Grocery Stores
VLO,Energy,Oil & Gas Refining & Marketing
VLY,Financial Services,Banks—Regional
VMC,Basic Materials,Building Materials
VMI,Industrials,Conglomerates
VMW,Technology,Software—Infrastructure
VNDA,Healthcare,Biotechnology
VNO,Real Estate,REIT—Office
VOD,Communication Services,Telecom Services
VOXX,Technology,Consumer Electronics
VRE,Real Estate,REIT—Residential
VRNT,Technology,Software—Infrastructure
VRSK,Industrials,Consulting Services
VRSN,Technology,Software—Infrastructure
VRTS,Financial Services,Asset Management
VRTX,Healthcare,Biotechnology
VSAT,Technology,Communication Equipment
VSEC,Industrials,Aerospace & Defense
VSH,Technology,Semiconductors
VTNR,Energy,Oil & Gas Refining & Marketing
VTR,Real Estate,REIT—Healthcare Facilities
VTRS,Healthcare,Drug Manufacturers—Specialty & Generic
VVI,Industrials,Specialty Business Services
VZ,Communication Services,Telecom Services
WAB,Industrials,Railroads
WABC,Financial Services,Banks—Regional
WAFD,Financial Services,Banks—Regional
WAL,Financial Services,Banks—Regional
WASH,Financial Services,Banks—Regional
WAT,Healthcare,Diagnostics & Research
WBA,Healthcare,Pharmaceutical Retailers
WBD,Communication Services,Entertainment
WBS,Financial Services,Banks—Regional
WCC,Industrials,Industrial Distribution
WCN,Industrials,Waste Management
WDC,Technology,Computer Hardware
WDFC,Basic Materials,Specialty Chemicals
WDS,Energy,Oil & Gas E&P
WEC,Utilities,Utilities—Regulated Electric
WELL,Real Estate,REIT—Healthcare Facilities
WEN,Consumer Cyclical,Restaurants
WERN,Industrials,Trucking
WEX,Technology,Software—Infrastructure
WEYS,Consumer Cyclical,Footwear & Accessories
WFC,Financial Services,Banks—Diversified
WFCF,Technology,Software—Application
WFG,Basic Materials,Lumber & Wood Production
WGO,Consumer Cyclical,Recreational Vehicles
WHG,Financial Services,Capital Markets
WHLM,Industrials,Specialty Business Services
WHR,Consumer Cyclical,"Furnishings, Fixtures & Appliances"
WILC,Consumer Defensive,Food Distribution
WINA,Consumer Cyclical,Specialty Retail
WIRE,Industrials,Electrical Equipment & Parts
WIT,Technology,Information Technology Services
WLDN,Industrials,Engineering & Construction
WLFC,Industrials,Rental & Leasing Services
WLK,Basic Materials,Specialty Chemicals
WLY,Communication Services,Publishing
WM,Industrials,Waste Management
WMB,Energy,Oil & Gas Midstream
WMK,Consumer Defensive,Grocery Stores
WMT,Consumer Defensive,Discount Stores
WNC,Industrials,Farm & Heavy Construction Machinery
WNEB,Financial Services,Banks—Regional
WNS,Technology,Information Technology Services
WOLF,Technology,Semiconductors
WOR,Industrials,Metal Fabrication
WPC,Real Estate,REIT—Diversified
WPM,Basic Materials,Gold
WPP,Communication Services,Advertising Agencies
WPRT,Consumer Cyclical,Auto Parts
WRB,Financial Services,Insurance—Property & Casualty
WRLD,Financial Services,Credit Services
WSBC,Financial Services,Banks—Regional
WSBF,Financial Services,Banks—Regional
WSFS,Financial Services,Banks—Regional
WSM,Consumer Cyclical,Specialty Retail
WSO,Industrials,Industrial Distribution
WST,Healthcare,Medical Instruments & Supplies
WTBA,Financial Services,Banks—Regional
WTFC,Financial Services,Banks—Regional
WTI,Energy,Oil & Gas E&P
WTM,Financial Services,Insurance—Property & Casualty
WTRG,Utilities,Utilities—Regulated Water
WTS,Industrials,Specialty Industrial Machinery
WTW,Financial Services,Insurance Brokers
WU,Financial Services,Credit Services
WVVI,Consumer Defensive,Beverages—Wineries & Distilleries
WW,Consumer Cyclical,Personal Services
WWD,Industrials,Aerospace & Defense
WWE,Communication Services,Entertainment
WWW,Consumer Cyclical,Footwear & Accessories
WY,Real Estate,REIT—Specialty
WYNN,Consumer Cyclical,Resorts & Casinos
X,Basic Materials,Steel
XEL,Utilities,Utilities—Regulated Electric
XOM,Energy,Oil & Gas Integrated
XOMA,Healthcare,Biotechnology
XPO,Industrials,Integrated Freight & Logistics
XRAY,Healthcare,Medical Instruments & Supplies
XRX,Technology,Information Technology Services
YORW,Utilities,Utilities—Regulated Water
YUM,Consumer Cyclical,Restaurants
ZBH,Healthcare,Medical Devices
ZBRA,Technology,Communication Equipment
ZD,Communication Services,Advertising Agencies
ZEUS,Basic Materials,Steel
ZION,Financial Services,Banks—Regional
ZIONP,Financial Services,Banks—Regional
ZUMZ,Consumer Cyclical,Apparel Retail
ZYXI,Healthcare,Medical Distribution
